,guild_name,tanks,healers,dps_melee,dps_ranged
0,B l o o d H e l l,2,4,6,8
1,Blessing of Wisdom,2,4,6,8
2,Blur,2,4,4,10
3,Colour,2,3,6,9
4,Country Club0909,2,3,5,10
5,Crimson,2,4,5,9
6,Dark Maggots Empire,2,4,5,9
7,Demoted,2,4,6,8
8,Dont Release0909,2,4,8,6
9,Familiar with Drama,2,4,6,8
10,First oasis0909,2,4,6,8
11,Hazard,2,4,5,9
12,Honolulu,2,4,8,6
13,HC3A9ritage0909,2,4,5,9
14,Innervision0909,2,4,6,8
15,Invalid Target,2,4,7,7
16,Khala,2,4,5,9
17,Kultzipuppelit,2,4,6,8
18,Muscle Memory0909,2,4,6,8
19,Nerd Crew,2,3,7,8
20,OE Midweek0909,2,4,8,6
21,Pescorus,2,4,7,7
22,Phoenix,2,4,4,10
23,PC3BAlse,2,4,7,7
24,Raido,2,4,6,8
25,Restricted0909,2,4,8,6
26,Revolutionist,2,4,6,8
27,Salt Mines0909,2,4,6,8
28,Shattrath Island,2,4,7,7
29,Skepsis,2,4,7,7
30,Spike Flail093palinsf09,2,4,7,7
31,Spiral Out0909,2,4,8,6
32,Temerity,2,4,4,10
33,Tree New BeeO,2,4,5,9
34,Unending,2,3,5,10
35,Vindicatum0909,2,3,6,9
36,Witness,2,4,8,6
37,Wow ares,2,4,4,10
38,baited,2,4,6,8
39,macht DRUCK0909,2,4,6,8
40,meteor-n,2,4,5,9
41,ohno,2,4,8,6
42,vodka,2,5,5,8
43,D0ADD0B9D0B4D0B6,2,4,5,9
44,E4B8AAE4BABAE8AEB0E5BD95,2,4,6,8
45,E998BFE5B094E6B395,2,4,4,10
46,E9AD94 E7A59E,2,4,5,9
47,E9BE99E7A390,2,4,5,9
48,EAB3A0EBA5B8ED9687EC82B4,2,4,5,9
49,Hexonyx Dawn0909,2,4,6,8
50,E5B9BCE584BFE59BADE59CA8E98083,2,4,7,7
51,The End,2,4,7,7
52,E69F92E69F92E4B8B6,2,4,7,7
53,Nivose,2,4,5,9
54,Am I Muted,2,4,6,8
55,Never AFK E4B880E59BA2,2,4,6,8
56,Never AFK,2,4,6,8
57,E5A5BDE8BF90E69D91E4B98BE69993,2,4,6,8
58,E69AAEE58589E59295E58F8BE4BC9A,2,4,6,8
59,M Y S T,2,4,8,6
60,E4B99DE6AD8CE790B3E79085 E5B08FE7868AE78CABE59BA2,2,4,6,8
61,D0A2D191D0BCD0BDD18BD0B9 D0A3D0B3D0BED0BBD0BED0BA,2,4,6,8
62,District,2,4,6,8
63,Kaiju,2,4,5,9
64,On Sight,2,4,4,10
65,Grizzly Hills Track Team,2,4,6,8
66,ASY,2,5,5,8
67,NOCCO,2,4,5,9
68,Idiot,2,3,8,7
69,Formality,2,4,8,6
70,Access Denied0909,2,4,7,7
71,D094D0B5D180D0B6D0B8D182D0B5 D0B2 D0BAD183D180D181D0B5,2,4,6,8
72,Flawless,2,4,6,8
73,MM,2,4,5,9
74,not amused0909,2,4,5,9
75,LastStand,2,4,6,8
76,Team Solo Wipe,2,4,6,8
77,E4B88DE88081E5AE9EE68993E69CACE5B0B1E4BC9AE8A2ABE68A93E58EBBE5928CE78C8EE9A9ACE4BABAE8BF9EE9BAA6,2,4,5,9
78,D0A1D0B5D0BBD184D0BBD0B5D181D181,2,4,5,9
79,TwistedSin,2,3,5,10
80,poptart corndoG,2,4,6,8
81,Jump Off,2,4,5,9
82,Epos,2,4,5,9
83,Benched,2,3,6,9
84,D09DD0B5D0B6D0BDD18BD0B5 D09FD0B5D0BFD0B5D0B3D0B8,2,4,7,7
85,Revolt,2,4,5,9
86,Infinity,2,3,8,7
87,D090D0A5D0A0D0A4,2,4,6,8
88,Stones,2,4,5,9
89,E587AFE5B094E88EABE7BD95E8A681E5A19E,2,4,5,9
90,E98592E9A686,2,4,6,8
91,SPEL,2,5,5,8
92,E8939DE5BF83E590ACE99BA8,2,4,5,9
93,K o K,2,4,8,6
94,Rally,2,3,7,8
95,Winters Heart,2,4,6,8
96,No Dice,2,4,6,8
97,For the Glory of JO JO,2,5,5,8
98,The Next Step,2,4,7,7
99,E596B5E7AA9D,2,4,7,7
100,Unfortunate0909,2,4,6,8
101,Red Dragon Society,2,4,6,8
102,Coin Flip,2,4,8,6
103,Vigil,2,4,5,9
104,Depleted in Time,2,4,7,7
105,E586B7E6B6A9,2,4,5,9
106,The Sparks,2,3,5,10
107,Jurupinga,2,3,8,7
108,Seriously,2,4,5,9
109,Ascended,2,3,5,10
110,Tyrannical,2,4,6,8
111,Suit Up,2,4,8,6
112,Meridies,2,3,7,8
113,oops,2,4,6,8
114,E587A1E5B094E8B59BE88CB6E9A686,2,4,4,10
115,E794B7E5A1BE,2,4,5,9
116,Sabotage,2,4,6,8
117,Alexa Pull Ten,2,4,6,8
118,PrC3B8ject UnknC3B8wn,2,4,8,6
119,E59C8BE5A3ABE784A1E99B99,2,4,7,7
120,E58DA7E9BE99E587A4E99B8FE5928CE5BE90E5BAB6,2,4,4,10
121,Renewal Gaming,2,4,6,8
122,EAB5ACEB8D94EAB8B0,2,4,6,8
123,D09AD0B0D0B9D0B7D0B5D180,2,4,5,9
124,D0A8D0B5D0BED0B3D0BED180D0B0D182,2,4,7,7
125,E5A49CE99A90E892B8E89A8C,2,4,6,8
126,E892B8E89A8Cplus,2,4,6,8
127,Unrivaled,2,3,6,9
128,D097D0B0 D0BAD0BED180D0BED0BBD0B5D0B2D183 D0B8 D180D0BED189D183,2,4,6,8
129,Epic Wipe,2,4,7,7
130,Glass Cannon0909,2,4,5,9
131,E58C96E8A39DE8889EE4BC9A,2,4,4,10
132,ALL J 8 HOMIE0909,2,4,6,8
133,Atlantik,2,4,6,8
134,Umbra Devotum,2,3,5,10
135,Casual Raiders,2,4,7,7
136,Wrath of Tyrants,2,4,5,9
137,D09DD0B0D0BBD0B5D0B3D0BAD0B5,2,4,8,6
138,Unlucky,2,3,7,8
139,E5BDBCE5B2B8E9B8BDE589A7E999A2,2,4,6,8
140,Indomitus,2,4,5,9
141,Dark Hearts0909,2,4,6,8
142,E4B8A8E4BFA1E4BBB0E4B8A8,2,4,5,9
143,Atom,2,4,6,8
144,Carried by RNG,2,4,8,6
145,Conviction0909,2,3,7,8
146,Wizards and Monkeys,2,3,5,10
147,Pull on Two0909,2,4,5,9
148,Hexplosive Alchemists,2,4,6,8
149,Genesis,2,4,6,8
150,Apex,2,4,9,5
151,Plague,2,4,7,7
152,Rhythm,2,4,7,7
153,SpikeTang,2,4,5,9
154,E5AFBBE6809DE4B8B6,2,4,5,9
155,D097D0BED0B2 D0A1D0B0D180D0B3D0B5D180D0B0D181D0B0,2,4,6,8
156,Final Judgement,2,4,7,7
157,Vacancy,2,4,6,8
158,CyLxE887ADE9B1BCE78382E899BE,2,4,7,7
159,Last Resort0909,2,4,5,9
160,D09CD0B0D180D188D180D183D182D0BAD0B0 D0B4D0BE D09ED180D0B3D180D0B8D0BCD0BCD0B0D180D0B0,2,4,5,9
161,E38090E58589E6988EE7A59EE59F9FE38091,2,4,6,8
162,EC9C84EB939C,2,4,5,9
163,Scythe,2,4,7,7
164,Lower,2,4,8,6
165,Divided by Friendship,2,4,6,8
166,Commit,2,3,6,9
167,E58D8AE59F8EE7839FE6B299-E9B8ADE9B8ADE59BA2,2,4,5,9
168,Zonk,2,4,5,9
169,Sin Qiraj,2,4,6,8
170,Clown Return0909,2,5,5,8
171,Big Pumpers Anonymous,2,4,7,7
172,E4B880E58D83E99BB6E4B880E5A49C_2021,2,4,6,8
173,Defenestrate0909,2,4,7,7
174,Heck,2,4,6,8
175,Distilled Madness,2,4,6,8
176,Guerra Nel cos,2,4,5,9
177,E5ADA6E58CBBE69591E4B88DE4BA86E983A8E890BD,2,4,6,8
178,Part Time Pro,2,4,8,6
179,Real Friend0909,2,4,5,9
180,ZYQA,2,4,5,9
181,Addicted,2,4,5,9
182,E7B981E6A2A6,2,4,5,9
183,D090D0B2D0B0D0BDD0B3D0B0D180D0B4,2,4,6,8
184,D0ADD181D0BAD0B0D0B4D180D0BED0BD,2,4,4,10
185,Underrated Clowns,2,4,4,10
186,Modus,2,4,6,8
187,Helmet Check091ghettooscar4509,2,4,8,6
188,Reflection0909,2,4,5,9
189,Hilikus,2,4,4,10
190,Pact,2,4,5,9
191,War Dogs,2,4,4,10
192,E69F93E5AE9DE5AE9D,2,3,5,10
193,Flavor of the Month,2,4,7,7
194,The Burning Seagull,2,4,5,9
195,EmptyPromises,2,4,7,7
196,Dawn of the Undead,2,4,8,6
197,Pantagoons0909,2,4,5,9
198,Group Five0909,2,4,7,7
199,FFXIV Waiting Room,2,4,7,7
200,D0A0D0BED0BAD0BDD0A0D0BED0BBD0BBD0B0,2,3,6,9
201,E5B08FE5A790E5A790E79A84E799BDE7BB99E5ADA6E999A2,2,4,6,8
202,weBad,2,4,8,6
203,Abaddon,2,4,5,9
204,E5A4A9E4BDBFE7A59EE6AEBF,2,4,4,10
205,Serious Gods0909,2,4,6,8
206,Status Quo,2,4,6,8
207,Der schmale Grat,2,4,8,6
208,Celestials0909,2,4,6,8
209,Ethereal,2,4,6,8
210,E596B5E6989F,2,4,7,7
211,E98B92E88A92E4B8B6,2,4,5,9
212,Eternal Kingdom,2,4,6,8
213,E8BE9BE5A49AE99BB7E79A84E68CBDE6AD8C,2,4,7,7
214,RC3A2ven0909,2,4,4,10
215,unlucky i guess,2,4,5,9
216,Cruel Intention,2,4,6,8
217,Behemoth,2,4,6,8
218,E5B7A8E9BE99E4B98BE5B7A2,2,4,7,7
219,E8AEB0E5BF86NB,2,4,6,8
220,E69D8FE590A7,2,4,6,8
221,Polarize,2,4,6,8
222,E88081E9AAA5E4BC8FE69EA5,2,4,5,9
223,Disco Clowns0909,2,4,6,8
224,Omnicide,2,4,6,8
225,D0A1D182D180D0B0D0B6D0B8 D092D0BED0BBD188D0B5D0B1D0BDD0BED0B3D0BE D09BD0B5D181D0B0,2,4,4,10
226,Before the Storm,2,4,6,8
227,DreamOn,2,4,6,8
228,Expect Us,2,4,6,8
229,The Midnight0909,2,4,7,7
230,Homie,2,4,6,8
231,Ambition,2,4,8,6
232,EquC3AFnC3B8x,2,3,7,8
233,D090D0B2D0B0D0BDD0B3D0B0D180D0B4 D090D0BBD18CD184D0B0,2,4,5,9
234,Uptime,2,4,5,9
235,Say No More ANO,2,4,6,8
236,Inversion,2,3,5,10
237,Spicy Personas,2,4,5,9
238,q it up,2,4,7,7
239,Skill Issue0909,2,3,4,11
240,Dummy Thicc0909,2,4,7,7
241,Grey,2,3,8,7
242,Visible Confusion,2,3,6,9
243,E7A59EE4B98BE5BDBCE5B2B8,2,4,6,8
244,TrC3B6tt Guild,2,3,6,9
245,E5ADA4E58592E58B95E789A9E59C92,2,3,5,10
246,Paragon,2,4,6,8
247,EclC3ADpse0909,2,4,4,10
248,Raiding Is Hard,2,3,8,7
249,Ethical,2,4,7,7
250,The Hub,2,4,5,9
251,BadKarma,2,3,6,9
252,Souls of Damnation,2,4,6,8
253,Dustbringer0909,2,3,7,8
254,Iron Werewolves,2,4,5,9
255,Endure,2,3,6,9
256,Broilers,2,4,6,8
257,The Nightshade,2,4,7,7
258,Lions Pride0909,2,4,6,8
259,Raze,2,4,5,9
260,Avalerion,2,4,8,6
261,Invictus Mortiferis,2,3,7,8
262,PTH - Mythic Team,2,3,8,7
263,No Way Back0909,2,4,7,7
264,Wipe it Out0909,2,4,6,8
265,Dont Heal Phase One,2,4,5,9
266,Shattered,2,4,7,7
267,E V O,2,4,6,8
268,Enrage Kills Only,2,4,5,9
269,D094D0B5D0BFD0BE,2,4,7,7
270,Symbiosis,2,3,6,9
271,Zul Alman,2,4,7,7
272,E887B4E8BF9C,2,4,4,10
273,Boys in the band,2,4,6,8
274,EAB7B8EB9E98EC9588EAB7B8EB9E98,2,4,6,8
275,Bungalow Boys,2,4,8,6
276,Pioneer,2,4,5,9
277,Couch Drei0909,2,4,4,10
278,Stacked,2,4,7,7
279,E5A58BE69697E79A84E99D92E698A5,2,4,6,8
280,TENET,2,4,6,8
281,Spectrum,2,4,6,8
282,PC3BCrge0909,2,4,6,8
283,We Do Stuff and Things,2,4,6,8
284,D094D0B5D0B4D0BBD0B0D0B9D0BD D0A1D0B5D0B3D0BED0B4D0BDD18F0909,2,4,8,6
285,Incognito,2,3,6,9
286,Children of Gloy,2,4,6,8
287,E69C80E5889DE781AC,2,4,5,9
288,Primori Morte0909,2,4,8,6
289,The Hellfront,2,4,6,8
290,E58B87E6B094,2,4,6,8
291,Groggfest,2,4,5,9
292,Counterplay0909,2,3,6,9
293,Certified Pumpers,2,4,8,6
294,Incarnate,2,4,4,10
295,ImagineDragons,2,4,5,9
296,Iris,2,4,6,8
297,Heralds of Dawn,2,4,5,9
298,Jade Falcons0909,2,4,6,8
299,Apostles of Dionysus,2,4,6,8
300,Prestige,2,4,6,8
301,E59687E58FADE5BF83E9878CE88BA6E4BD86E59687E58FADE4B88DE8AFB4,2,4,6,8
302,Cursed Gifts0909,2,4,7,7
303,HitchHikers Guide,2,3,9,6
304,E68CBDE4B8A8E6AD8C,2,4,7,7
305,OE Weekend,2,4,6,8
306,Miracle,2,3,6,9
307,FRISPEL,2,4,5,9
308,Trashcan,2,4,6,8
309,Storytime,2,4,6,8
310,Perfectly Preserved Cake,2,4,6,8
311,Envelop,2,4,6,8
312,Stellariss0909,2,4,7,7
313,D0A8D191D0BFD0BED182,2,4,5,9
314,High Quality0909,2,4,6,8
315,E5A4A2 E98692,2,4,7,7
316,Fathom,2,4,6,8
317,Glory of the Warsong,2,5,5,8
318,Welcome,2,4,6,8
319,OG Feedback0909,2,4,5,9
320,Indecision0909,2,4,6,8
321,Pineapple,2,4,6,8
322,Dimension,2,4,6,8
323,Average Pillagers,2,4,6,8
324,Liberty and Allegiance,2,4,8,6
325,Sixth Man,2,4,5,9
326,Unorganized0909,2,4,6,8
327,check the tapes,2,4,6,8
328,D0A0D0B5D0B2D0BED0BBD18ED186D0B8D18F,2,4,5,9
329,slumber party,2,4,6,8
330,Trivial Pursuit,2,4,8,6
331,Korrupt,2,4,6,8
332,rise again0909,2,4,7,7
333,SylvanaS1,2,4,6,8
334,Arkadia,2,4,5,9
335,ALAMAK,2,4,4,10
336,Fallen Empire,2,4,6,8
337,The ImmortalityE4B88DE69CBD,2,4,8,6
338,E8819AE682A6E983A8,2,4,5,9
339,Schattenspiel0909,2,4,6,8
340,E5A587E58F98E581B6E4B88DE58F98 E7ACA6E58FB7E79C8BE8B1A1E99990,2,4,4,10
341,D092D0BED0BBD0BED0BDD182D191D180D18B D092D0B5D187D0BDD0BED181D182D0B8,2,4,6,8
342,E582B2  E8A180  E88DA3  E88080,2,4,6,8
343,E4B8ADE88FAFE4B880E795AA,2,4,6,8
344,E5A588E890BDE4B98BE5AD90,2,4,5,9
345,D098D0BDD181D0B0D0B9D182,2,4,7,7
346,CrownLight0909,2,4,5,9
347,The Art of War,2,4,5,9
348,ZugHub,2,4,6,8
349,Advance,2,3,5,10
350,C390ark inside,2,4,5,9
351,E587AFE6978B,2,4,5,9
352,Enrage Timer0909,2,4,7,7
353,E596B5E596B5E7AA9D,2,4,6,8
354,D094D0B2D0B0 D0B4D0BDD18F D0B4D0BE D09AD180D0BED0BCD0BAD0B8,2,4,4,10
355,E585B1E8B88FE4BABAE7949FE6BCABE995BFE8B7AF,2,4,5,9
356,E5BDB1E980B8E6989FE8BEB0E38080,2,4,7,7
357,Side Effect0909,2,4,6,8
358,D090D0BDD0BDD0B8D0B3D0B8D0BBD18FD186D0B8D18F,2,4,6,8
359,Spoon Fed,2,4,6,8
360,Deified,2,4,8,6
361,E6989FE9BB8EE6AEBF,2,4,7,7
362,E58589E6988EE9BC8E,2,4,6,8
363,E698A5E5A4A9E88AB1E88AB1E5B9BCE7A89AE59C92,2,4,5,9
364,On The Journey_9.2,2,4,7,7
365,E9A38EE695B2E7ABB9E5BDB1,2,4,5,9
366,E58D8AE59F8EE7839FE6B299-E6888FE78FADE5AD90,2,4,7,7
367,E6B2A7E6B5B7E98090E6989FE8BEB0,2,4,8,6
368,Cerebral,2,4,7,7
369,Robot House0909,2,4,9,5
370,Be Water My Friends,2,4,5,9
371,The Last Pull,2,4,7,7
372,E98090E9A38E,2,4,5,9
373,Knowledge is Power,2,4,5,9
374,Eternal Shadows,2,4,8,6
375,With Valor0909,2,4,6,8
376,E5A499E684BFpve,2,4,5,9
377,Awita de uwu0909,2,4,6,8
378,New Reunion0909,2,4,5,9
379,IncendarC3ADus,2,4,6,8
380,E7BB9DE4B896,2,5,6,7
381,Tale of the Past,2,5,7,6
382,Swamp Animals,2,4,7,7
383,Imposters,2,3,8,7
384,When Dreams Become Memes,2,4,6,8
385,Copium,2,3,7,8
386,Review the Data,2,3,3,12
387,Amazing Stories,2,4,5,9
388,Wiping As Intended,2,3,8,7
389,SOMA,2,3,6,9
390,Hiraeth,2,3,7,8
391,Late Night NWO,2,4,7,7
392,Fun with Friends,2,3,5,10
393,Dantuwins Erben,2,4,6,8
394,OBSCURE REFERENCE,2,4,6,8
395,Acheron,2,3,7,8
396,EZPZ,2,4,6,8
397,No Pain No Baguette,2,4,6,8
398,Seekers of Eternity,2,4,6,8
399,E9A2A0E58092E6A2A6E683B3,2,4,6,8
400,Hollowed,2,4,7,7
401,Onerous,2,4,6,8
402,I Just Want CE,2,3,7,8
403,Alpha,2,4,7,7
404,The Lunatics0909,2,4,5,9
405,Awkward,2,4,7,7
406,Beyond Darkness,2,4,6,8
407,E68AB1E59BA2,2,4,5,9
408,E98791E889B2E983A8E890BDE5B9BBE683B3E69BB2,2,4,6,8
409,E69C9DE59CA3E88085E79A84E6AF92E798A4E6AF9BE680AAE4BBAC,2,4,7,7
410,Ad Hominem0909,2,4,5,9
411,The Last Gentleness,2,4,5,9
412,Cant find a guild,2,4,6,8
413,Resync,2,4,5,9
414,Hodor,2,4,5,9
415,Almost Perfect,2,4,8,6
416,Helheim,2,3,8,7
417,Crackers and Rice,2,3,5,10
418,Ardent,2,3,5,10
419,Rancour,2,4,4,10
420,Superbia,2,4,6,8
421,E586B0E6BF80E5878C,2,3,6,9
422,Ignite,2,4,6,8
423,BadCrew,2,4,7,7
424,Hostile,2,4,7,7
425,Oncle Bench0909,2,3,5,10
426,Sora,2,4,7,7
427,BrethrenCourt,2,4,7,7
428,E69697E9B1BC5660103,2,4,7,7
429,Insuperabilis,2,4,6,8
430,Insatiable0909,2,4,6,8
431,Semper Danica,2,4,7,7
432,DuskTillDawn0909,2,4,7,7
433,ECA1B0EBA598ED9599ED9A8C,2,4,6,8
434,Gray Parses Only,2,3,7,8
435,Eminence,2,3,7,8
436,Mid Tier Crisis,2,4,6,8
437,Rewind,2,4,6,8
438,D091D0B0D0BDD0B4D0B0 D091D0B5D188D0B5D0BDD18BD185 D09AD180D0B0D0B1D0B0D0BDD0BED0B2,2,4,6,8
439,Supremo Tribunal do Urso,2,4,3,11
440,The Immortal Shadow,2,3,8,7
441,E4B883E58FB7E88D92E5B29B,2,4,5,9
442,Joint Forces0909,2,4,8,6
443,Alter Ego,2,4,6,8
444,Chains of Perdition,2,3,7,8
445,E78BBC E59BBE E885BE,2,4,5,9
446,Chaotic Descent,2,4,5,9
447,Rise,2,3,7,8
448,OMFG Kittens0909,2,4,7,7
449,postnerf,2,4,6,8
450,Gratz,2,4,7,7
451,E6B0B4E5A2A8E6B19FE58D97,2,4,5,9
452,UndC3ADsputeD,2,4,5,9
453,Individual Mistakes,2,4,7,7
454,E88080E69C88E591A8E69CABE59BA2,2,4,6,8
455,Night Crew0909,2,4,8,6
456,Inner Sanctum,2,4,4,10
457,Trolltyg,2,4,5,9
458,CoolPlay,2,4,7,7
459,E591BDE8BF90E4B98BE78EAF,2,4,6,8
460,Haunted by Murlocs,2,4,7,7
461,Remnant,2,3,7,8
462,Space Frogs0909,2,4,6,8
463,Six Eggs,2,4,9,5
464,Jump Off,2,4,5,9
465,Parse,2,4,8,6
466,E69982E58589E4B8B6,2,4,6,8
467,Ockhams Razor,2,4,5,9
468,Deposit Coin0909,2,4,6,8
469,E5A49C E69BB2,2,4,6,8
470,Diversus,2,4,8,6
471,Halcyon And Sycamore,2,4,6,8
472,Outlaws Torn0909,2,4,6,8
473,E4B980E696ADE8888DE7A6BBE4B980,2,4,4,10
474,Diabolica,2,4,7,7
475,E69C80E5908EE79A84E68898E5BDB9,2,4,4,10
476,Latinus Namus,2,4,6,8
477,Exalted Order0909,2,4,7,7
478,The Silent Circle,2,4,8,6
479,The Number Two Guild,2,4,7,7
480,Horde Stole My Epics,2,4,6,8
481,A Little Bit Sweaty,2,4,7,7
482,Bad Alts,2,4,4,10
483,Curse of Years,2,4,5,9
484,PARADC398X0909,2,4,5,9
485,M Y T H,2,4,6,8
486,Cerebral,2,4,6,8
487,Silk,2,4,5,9
488,Thought,2,4,5,9
489,Project Beta0909,2,4,6,8
490,Prismatic,2,4,7,7
491,E694BEE98090,2,4,5,9
492,E7BB99E78CAAE4B880E58F8CE7BF85E88680,2,4,5,9
493,Fiction,2,4,8,6
494,E59B9BE696B9,2,4,6,8
495,<E6989FE781ACE88080>,2,4,5,9
496,Dad Bod,2,5,6,7
497,Kenan and Kel Thuzad,2,4,6,8
498,Serious,2,4,7,7
499,Arctic Avengers,2,3,6,9
500,Dispel Please,2,4,4,10
501,Apotheosis,2,4,6,8
502,Fire Bears0909,2,4,6,8
503,Small Indie Company,2,3,6,9
504,Withered Wind,2,4,7,7
505,Skill Issue0909,2,4,7,7
506,Ruhe im Voice,2,4,4,10
507,Bro Union,2,4,6,8
508,Incendia,2,3,6,9
509,The Temporary Raiders,2,4,7,7
510,All Gas No Brains,2,3,7,8
511,Arcanum Aeternam,2,4,6,8
512,Nelivia,2,4,7,7
513,Horror,2,4,7,7
514,D09DD183D0BBD0B5D0B2D0B0D18F D0B2D0B8D0B4D0B8D0BCD0BED181D182D18C,2,4,6,8
515,No Shame,2,4,5,9
516,Revolution0909,2,4,6,8
517,dont ape you release,2,4,8,6
518,E5B883E4B881E8BDA6E9989F,2,4,4,10
519,Nebula,2,4,6,8
520,E6A8AAE689AB,2,3,6,9
521,Absolution0909,2,4,6,8
522,Taunting,2,4,6,8
523,LC3B8st Heaven,2,3,6,9
524,E588B9E982A3E5879DE68890E6B0B8E68192,2,4,6,8
525,Forgotten Legends,2,3,7,8
526,E5928CE4BA8BE5B185E98592E5B18B1,2,4,5,9
527,E4B8A8E788B1E4B88EE5AEB6E5BAADE4B8A8,2,4,6,8
528,Andromeda,2,4,6,8
529,Kinda Sus,2,4,6,8
530,E6B9AFE58BBAE4B98BE5AEB6,2,4,5,9
531,The Barnyard0909,2,4,2,12
532,D091D180D0B0D187D0BDD18BD0B5 D0B8D0B3D180D18B D0BFD18BD0BBD0B5D181D0BED181D0B0,2,4,6,8
533,E88F8AE78886 E5A4A7E9989F,2,4,4,10
534,Muph Crushers,2,4,5,9
535,Pull Timer Ten,2,4,5,9
536,E69C80E5908EE79A84E8BF9CE5BE819.2,2,4,7,7
537,Last Pull Energy,2,4,7,7
538,Pulled Orc0909,2,4,7,7
539,Death and Disappointment,2,4,4,10
540,E79280E792A8E58589E59F9F,2,4,5,9
541,D0ADD0BDD0B8D0B2D0B5D0B9,2,4,5,9
542,E4B880E5ADA3E699A8,2,4,5,9
543,E88081E794B7E5908CE58B87E997AFE5889DE8AF9EE88085E59CA3E5A293,2,4,4,10
544,Miracle,2,4,4,10
545,Monkey Society,2,4,6,8
546,E4BA91E4B8A8E5B785,2,4,4,10
547,Flammen des Himmels,2,4,6,8
548,Sometimes Lucky,2,4,5,9
549,Discoveries0909,2,4,6,8
550,Seventh Sin0909,2,3,5,10
551,E58991E59CA3E9BB84E5B091E5A4A9,2,4,7,7
552,Provoked,2,4,5,9
553,Fortune,2,5,6,7
554,E5A5BDE8BF90E69DA5,2,4,6,8
555,Mindset,2,4,6,8
556,Throne,2,4,6,8
557,Nexus Sx,2,3,4,11
558,E7A7A9E5BA8FE4B883E7858C,2,5,6,7
559,E58D95E587BBE6ADA4E5A484E8BE93E585A5E698B5E7A7B0,2,5,5,8
560,E6AF81E781AD9.2,2,4,5,9
561,E69DAFE4B8ADE985922020,2,4,6,8
562,Coven,2,4,6,8
563,TLegion,2,4,6,8
564,E6B289E9B1BCE4B8B6E890BDE99B81,2,4,6,8
565,E794B5E6B8B8E59BBD,2,5,5,8
566,E5B098E5BD92E5B098E4B8B6E59C9FE5BD92E59C9F,2,4,5,9
567,E6B5B7E99894E5A4A9E7A9BA,2,4,7,7
568,land of oblivion,2,4,6,8
569,E799BE E9ACBC,2,4,4,10
570,Size Matters0909,2,4,7,7
571,E5B9BCE7A89AE59BADE5A4A7E78FAD,2,4,5,9
572,E98791E889B2E69187E7AFAEE5B9BCE584BFE59BAD,2,4,6,8
573,WC3AEpefest,2,4,7,7
574,E69697E9B1BCE79BB4E692ADE688BFE997B4E58FB7729618,2,5,6,7
575,obituary,2,5,6,7
576,E781ABE99485E88BB1E99B84Hero,2,5,6,7
577,Deep Tranquility,2,4,6,8
578,Pikachu,2,5,6,7
579,E8BDA9E8BDA9,2,5,5,8
580,E5A4A9E68192GE59BA2,2,5,5,8
581,E4B89CE79A87,2,5,5,8
582,RWTB,2,4,6,8
583,E4B88DE58AA0E78FADE4B88DE88892E69C8DE696AFE59FBA,2,5,5,8
584,E4B880E6B3A2E6B581,2,5,5,8
585,Salvation,2,4,5,9
586,Turtles,2,4,5,9
587,Consequence094purelegittv09,2,3,6,9
588,I N V I N C I B L E,2,4,6,8
589,E59B9BE69C88E698AFE4BDA0E79A84E8B08EE8A880,2,4,6,8
590,Busy Dippin Cones,2,4,8,6
591,E586ACE6B389E8B0B7E6B8A9E6B389E4BC9AE68980,2,4,5,9
592,Cirith Ungol0909,2,4,6,8
593,D0A1D0BED185D180D0B0D0BDD18FD18F D181D0BFD0BED0BAD0BED0B9D181D182D0B2D0B8D0B5,2,4,6,8
594,Mystruppen0909,2,4,9,5
595,Shields Up0909,2,4,4,10
596,Vortex,2,4,6,8
597,E58D88E5A49CE694BFE58F98,2,4,7,7
598,wgm,2,4,5,9
599,MythicHub Premium,2,4,7,7
600,Artistic,2,4,8,6
601,Sodium,2,4,5,9
602,Les Dos ArgentC3A9s,2,4,5,9
603,Wanted Rejects,2,4,5,9
604,E58DA1E58DA1E79A84E5AD98E992B1E7BD90,2,4,7,7
605,Cognition,2,4,8,6
606,Clairvoyance0909,2,4,8,6
607,E58DA1E696AFE789B9E6A285,2,4,7,7
608,Timesaving0909,2,4,7,7
609,Redhands,2,3,5,10
610,Praetorian Guards,2,4,7,7
611,Can No Can0909,2,4,7,7
612,Anxiety Hut0909,2,4,6,8
613,E9A286E8A296,2,4,8,6
614,The Drunken Elk,2,4,6,8
615,ICEBEAR,2,4,7,7
616,E5878CE4BA915E59BA2,2,4,4,10
617,CookieMonsterz,2,4,5,9
618,Pandamonium0909,2,3,4,11
619,D094D0B2D0BED180D184D0B8D0B9D181D0BAD0B8D0B9 D09AD0BED0B2D0B5D0BD,2,4,6,8
620,Extra Crispy0909,2,4,6,8
621,Vitamin B,2,4,5,9
622,Overcharged0909,2,4,2,12
623,C390eathroll,2,4,7,7
624,Fusion,2,4,7,7
625,Hotel Transylvania,2,4,6,8
626,Disciples Reborn,2,4,5,9
627,Ascended,2,3,6,9
628,FSK,2,4,6,8
629,D0ADD0BAD181D0BED0B4D0B8D18F,2,4,9,5
630,E5B281E69C88C2B7E697A0E79795,2,4,5,9
631,Nocturna,2,4,7,7
632,Motion,2,4,7,7
633,E6B581E58589E4B98BE5A49C,2,4,4,10
634,D0A1D182D0B0D0BDD186D0B8D18F D0A2D0BED0BAD181D0B8D187D0BDD18BD185,2,4,6,8
635,Heroic Mechanics,2,4,5,9
636,D0A0D0B5D0B1D0BED180D0BD,2,4,8,6
637,E8AEA9E68891E4BBACE6ADA4E7949FE594AFE4B880E887AAE4BCA0E5A682E5908CE8AF97E4B880E888AC,2,5,5,8
638,Wasted PC3B8tential,2,4,7,7
639,Gluten Intolerance,2,3,6,9
640,Glitched,2,4,5,9
641,Linear,2,4,5,9
642,Unprepared Boomers,2,4,6,8
643,La Sucrerie0909,2,4,6,8
644,E8A6BA E98692,2,4,6,8
645,Elation,2,4,7,7
646,One of Us,2,3,7,8
647,Remedium,2,3,6,9
648,Primarch,2,4,6,8
649,Revival,2,3,7,8
650,Snowblind,2,4,6,8
651,Elysian,2,4,4,10
652,Influenza,2,4,7,7
653,Calm Before the Storm,2,4,7,7
654,Devious Intention,2,4,5,9
655,Impacto,2,4,6,8
656,E88081E58584E68891E8A681E8AE93E4BDA0E8A180E88289E6A9ABE9A39B,2,4,4,10
657,Dominion,2,3,7,8
658,Augmentation0909,2,4,8,6
659,Audacity,2,4,6,8
660,Acheron,2,3,6,9
661,Imperium,2,4,6,8
662,Pathogen,2,4,7,7
663,Deception,2,3,7,8
664,D09DD0B0D181D0BBD0B5D0B4D0B8D0B5 D092D0B5D187D0BDD18BD1850909,2,3,8,7
665,Just Okay,2,4,8,6
666,Love You Say It Back,2,4,7,7
667,Recursion,2,4,5,9
668,predicted,2,4,6,8
669,Anarchie,2,4,7,7
670,Diminishing Returns,2,4,7,7
671,VLC,2,4,8,6
672,Askaria,2,4,7,7
673,Ramenbowl,2,4,6,8
674, E7AEB9 E9A181,2,4,6,8
675,Reflection Room,2,4,5,9
676,Decent,2,4,7,7
677,Almost Awesome,2,4,7,7
678,E8939DE889B2E7A59EE6AEBF,2,4,7,7
679,D0A2D0B0D0B9D0B3D0B0 D09AD0BBD0B0D0BD,2,4,7,7
680,Lucky Druids Inside,2,4,4,10
681,Thanatos,2,4,8,6
682,Pseudonym,2,4,6,8
683,Erased,2,4,7,7
684,Society Of Sensations,2,4,7,7
685,E596B5 E5979A,2,4,8,6
686,E7868AE8B293E4BABAE79A84E4B896E7958C,2,4,6,8
687,No Stress,2,4,7,7
688,E5B0BDE7AEA1E68891E4BBACE6898BE4B8ADE7A9BAE697A0E4B880E789A9,2,4,7,7
689,Iron Edge,2,4,6,8
690,Safe Haven0909,2,4,8,6
691,Neutrals,2,4,8,6
692,E8A5BFE58685E5939F,2,4,6,8
693,Early Night0909,2,4,7,7
694,Helms Elite0909,2,3,7,8
695,Mental Apocalypse,2,4,7,7
696,Erudite,2,4,6,8
697,Edict,2,4,5,9
698,Telekinesis0909,2,4,5,9
699,Fragglene,2,4,8,6
700,Underrated Casuals,2,4,5,9
701,Amazing Stories (2. Raid),2,4,7,7
702,Anvil,2,4,6,8
703,LADS,2,4,4,10
704,involved,2,4,7,7
705,BOGGED,2,4,3,11
706,E781BFE88BA5E7B981E6989F,2,4,6,8
707,Dogwater,2,3,6,9
708,D093D0BBD0B0D0B4D0B8D0B0D182D0BED180 D0B4D0BED188D0B5D0BB D0B4D0BE D0B2D0BED0B4D18B,2,4,5,9
709,Afro Ninjas0909,2,4,6,8
710,D092D0B5D187D0BDD18BD0B9 D0A1D182D180D0B0D0B6 D09ED180D0B4D18B,2,4,9,5
711,E782BCE78BB1,2,4,5,9
712,Sacred Lotus0909,2,4,7,7
713,E4B88DE7BE81E79A84E882A5E79A82E58E829.1,2,4,5,9
714,D0A2D180D0B8D0BDD0B8D182D0B8,2,4,5,9
715,E7ACACE4B99DE88194E79B9F,2,4,6,8
716,The Cunning Linguists,2,4,9,5
717,Half Credit0909,2,4,8,6
718,Odyns Beard0909,2,4,8,6
719,Huhuholics0909,2,4,7,7
720,Please Help0909,2,4,7,7
721,LastMoment0909,2,4,7,7
722,Absolute Legends,2,4,6,8
723,Brave New World,2,4,6,8
724,Wipen Inklusive,2,4,6,8
725,E7BAA2E9BE99E5869BE59BA2,2,4,7,7
726,Indecisive0909,2,4,7,7
727,E88081E5B9B4E5A4A7E5ADB8,2,6,4,8
728,E6B2A7 E6BE9C E5A49C E99BA8,2,4,6,8
729,Who Asked,2,3,6,9
730,Chimera,2,4,7,7
731,Reforge,2,3,6,9
732,RETRY,2,3,8,7
733,Dreamwalkers0909,2,4,7,7
734,Drifted,2,4,5,9
735,E6AF9BE4BABAE6AF9BE4BC9AE6AF9BE4BDA0E5A6B9,2,4,6,8
736,Decrypted,2,4,6,8
737,Do or Die,2,3,10,5
738,FHS,2,4,8,6
739,BIG PULL ET AU LIT,2,3,7,8
740,E585BBE7949F,2,4,6,8
741,The Hex Pistols,2,4,4,10
742,Return of the Watchers,2,4,6,8
743,Alpha Brawl0909,2,4,7,7
744,Cherry Pink0909,2,4,6,8
745,D0A2D09ED09F D093D098D09BD0ACD094 D0A1D09DD093,2,4,6,8
746,Globallocked0909,2,3,7,8
747,E4B889E58D81E58A9FE5908DE5B098E4B88EE59C9FE9B8BDE59BA2,2,4,5,9
748,PugLyfe,2,4,7,7
749,Goomz,2,3,9,6
750,Singularity0909,2,4,7,7
751,Magic Scum0909,2,4,8,6
752,E68891E5B0B1E698AFE982A3E5A4A9E5B1B1E4B880E69CB5E99BAAE88EB2E88AB1 E8B28CE7BE8EE680A7E6849FE4BABAE4BABAE5A4B8,2,4,5,9
753,Semi Serious0909,2,4,5,9
754,Obsidian Spur,2,4,4,10
755,The Mystics0909,2,4,5,9
756,The Space Jam,2,4,6,8
757,And The Neighborhood,2,4,6,8
758,Lumos Maxima0909,2,4,5,9
759,E8A180E894B7E89687E9AA91E5A3ABE59BA2,2,4,8,6
760,Coomer,2,4,8,6
761,D09AD0BBD0B0D181D181 D09AD0BED180D180D0B5D0BAD186D0B8D0B80909,2,3,6,9
762,Qualify,2,4,5,9
763,Fake Noobs,2,3,4,11
764,Pixel,2,3,8,7
765,D094D0B8D0BAD0B8D0B9 D09CD0BED0BBD0BED182,2,3,6,9
766,E69BB2E6B0B4E6BE9CE5BAAD.,2,4,4,10
767,ready,2,4,5,9
768,Cultivating Mass,2,4,6,8
769,Demon  Ghost0909,2,4,6,8
770,Elitist,2,4,8,6
771,Refined,2,4,4,10
772,What the Dog doin,2,3,7,8
773,Synergize,2,4,7,7
774,bearforce,2,4,7,7
775,Findes,2,4,5,9
776,Judge,2,3,8,7
777,E88BA5E5B9B4,2,4,6,8
778,Broadside,2,4,7,7
779,Non Profit Pirates,2,3,7,8
780,Tokidoki,2,4,7,7
781,E9BB8EE6988EE69B99E58589,2,4,5,9
782,Shattered Souls,2,4,5,9
783,Sway,2,4,5,9
784,Eternal Upheaval,2,4,5,9
785,Equipped with tuba,2,4,9,5
786,E6989FE4BA91E6B5B7,2,4,7,7
787,Hologram,2,4,5,9
788,slash spit0909,2,4,3,11
789,Pylon,2,4,3,11
790,Eminence,2,4,4,10
791,OuroborosEFBC81,2,4,6,8
792,Tabbed Out091thesassysealion09,2,3,5,10
793,WICKED,2,4,7,7
794,Duck Tales0909,2,4,7,7
795,D0A1D0B8D0BDD0B8D0B9 D09AD0B8D182,2,4,6,8
796,Force,2,4,7,7
797,Hello Kitty Club,2,4,7,7
798,Fable,2,5,7,6
799,Almost Casual,2,4,9,5
800,The Golden Dawn,2,3,6,9
801,All into Boss,2,4,7,7
802,D09FD18FD182D18C D0BCD0B8D0BDD183D182 D0B4D0BE D0BAD180D0BED0BCD0BAD0B8,2,4,9,5
803,What Are Logs,2,4,5,9
804,Chilled,2,4,5,9
805,Carpe Noctis0909,2,3,9,6
806,Scripted,2,4,8,6
807,Anvil Gaming0909,2,4,6,8
808,The Myths,2,4,6,8
809,Infamous,2,4,7,7
810,Sons of Perdition,2,4,8,6
811,murderous frenzy,2,4,4,10
812,Sylvanas Garde,2,4,7,7
813,Homie Hoppers,2,4,8,6
814,Internet Explorers,2,4,7,7
815,E58D81E4BA8CE5B9B4,2,4,6,8
816,Forbidden,2,4,8,6
817,Exploit,2,4,4,10
818,Disambiguation,2,4,6,8
819,E4B88BE99BA8E5A4A9,2,4,7,7
820,DontRelease0909,2,3,8,7
821,Slightly Unstable,2,4,5,9
822,Soft Enrage0909,2,4,5,9
823,Eternal Eclipse,2,4,7,7
824,Boundless Vision,2,4,6,8
825,Controversy0909,2,4,7,7
826,Eternals,2,4,8,6
827,Detoxed,2,3,3,12
828,Krone,2,4,5,9
829,CSI Gnomeregan,2,4,8,6
830,E995BFE4B990E69CAAE5A4AE,2,4,6,8
831,Civil Disobedience,2,4,7,7
832,GraveYard,2,4,6,8
833,Ninth Circle0909,2,4,7,7
834,Twice-E8A180E889B2,2,4,5,9
835,L,2,4,6,8
836,E59B9EE99FB3E6B5B7E5B2B8E4BC91E997B2E59BA2,2,4,6,8
837,NightLegend0909,2,4,5,9
838,E7BFA1E7BFA0 E6A2A6E5A283,2,4,4,10
839,Milk and Cookies,2,4,6,8
840,Team Red,2,3,6,9
841,Outline,2,3,5,10
842,E580BEE4B896E5A682E6AD8C,2,4,6,8
843,Divide,2,4,6,8
844,Artemisia argyi,2,4,5,9
845,Curve Inc,2,3,5,10
846,Grime Squad0909,2,4,5,9
847,The Boyz,2,3,5,10
848,LoF,2,4,5,9
849,E68A98E9B9A4,2,3,4,11
850,Exodus,2,3,6,9
851,Southman,2,4,7,7
852,The Wooly Mammoth,2,4,7,7
853,Undercover Horde,2,4,8,6
854,Revolution0909,2,4,7,7
855,Fear the Rabbit,2,4,7,7
856,Gravity,2,4,5,9
857,Lemmings,2,4,5,9
858,Nave,2,5,6,7
859,Almost Sane0909,2,3,8,7
860,SC3B6hne des Drachen,2,3,4,11
861,E4B8A8E69C88E8BEB0E4B8A8,2,4,5,9
862,Last Pull,2,4,6,8
863,Infected Nation,2,4,5,9
864,E69E81E9809FE5B785E5B3B0,2,4,5,9
865,Sodaria,2,4,6,8
866,Forever  Friends,2,4,5,9
867,Style,2,5,5,8
868,NEVER ENDING0909,2,4,5,9
869,Business Class,2,4,6,8
870,Slightly Serious,2,3,8,7
871,Unicorns 3-Day,2,3,5,10
872,Copium,2,4,8,6
873,Adequate,2,4,8,6
874,The Gauntlet0909,2,4,6,8
875,JC3A4garna0909,2,4,4,10
876,Super Adventure Pals,2,3,8,7
877,Primera Sangre,2,4,5,9
878,So Much Discussion,2,4,7,7
879,E4BC8AE794B8E4B98BE4B89C35410,2,4,6,8
880,EB8298EC9D98 EC9980ECA080EC94A8EB93A4,2,4,5,9
881,Unlimited Purge,2,4,8,6
882,Inexorable Brutality,2,4,5,9
883,LOST Times,2,4,6,8
884,Self Explanatory,2,4,6,8
885,LC3A9thal0909,2,3,7,8
886,E799BEE88AB1E6AEBA,2,4,5,9
887,Scars of Catastrophe,2,4,8,6
888,DisbC3A2nd0909,2,4,8,6
889,Vampire Dream,2,4,5,9
890,E4BDA0E4B8BAE4BB80E4B988E4B88DE5928CE68891E68993E6B8B8E6888F,2,4,6,8
891,Place holder0909,2,4,6,8
892,Animaniacs0909,2,3,9,6
893,Wheel of fortune,2,4,6,8
894,E78F8DE7A880E58AA8E789A9E59BAD,2,4,7,7
895,Practical Experience,2,4,5,9
896,Daybreak,2,4,7,7
897,Ascension,2,4,8,6
898,Fluffy Lemon Noodles,2,4,6,8
899,Elitist Jerks,2,3,7,8
900,Enflamed,2,4,6,8
901,Scripted,2,4,5,9
902,The Burning Stone,2,4,5,9
903,Segmented,2,4,9,5
904,BackToTheRoots,2,4,5,9
905,Renegades,2,4,9,5
906,Carried,2,4,5,9
907,ACORNS,2,3,7,8
908,Septem Peccata Mortalia,2,3,6,9
909,Fun Detected0909,2,4,5,9
910,Wisp,2,3,7,8
911,Pure,2,3,7,8
912,Resonate,2,3,6,9
913,NonSense,2,3,5,10
914,Northern Sky0909,2,4,6,8
915,Medium,2,4,6,8
916,Meaningful Choice,2,4,7,7
917,Polaris,2,4,7,7
918,Accession,2,4,5,9
919,Quichons,2,4,7,7
920,Myth,2,3,4,11
921,Vision,2,3,6,9
922,Echoes,2,3,7,8
923,Attero Dominatus,2,4,8,6
924,Agency,2,4,5,9
925,Not Toxic If True,2,4,5,9
926,Divinum,2,4,7,7
927,Twitch Prime0909,2,4,6,8
928,Snacks,2,3,6,9
929,Melee Mechanics,2,4,6,8
930,Cope,2,3,8,7
931,Honestly,2,4,6,8
932,D098D0BDD0B2D0B8D0BDD181D0B8D0B1D0BB,2,3,9,6
933,D0A3 D0B1D0B5D0BBD18FD188D0B0,2,3,6,9
934,No Consensus0909,2,4,5,9
935,Nascent Team 8,2,4,9,5
936,Oblivion,2,3,6,9
937,Pod Gaming0909,2,3,6,9
938,Artemis,2,3,6,9
939,Muisted,2,4,6,8
940,Mayhem,2,4,4,10
941,Myth,2,4,4,10
942,E8BF9FE588B0E79A84E997B4E99A94E5B9B4,2,5,6,7
943,Invictus,2,4,6,8
944,Catalyst,2,3,5,10
945,D0A1D0BAD0B0D0B3D0B3D0BBD181D0BED0BA,2,4,6,8
946,undecided,2,4,7,7
947,Moisty Boyz0909,2,3,6,9
948,Watchmen,2,4,5,9
949,Speakeasy,2,3,7,8
950,Dauntless,2,3,6,9
951,Tales,2,4,7,7
952,Forge,2,4,5,9
953,Denial of Service,2,4,4,10
954,D094D0B5D0BCD0B5D0BDD186D0B8D18F,2,4,3,11
955,Brotocol,2,4,6,8
956,Farsta Fishing,2,3,8,7
957,Learning by dying,2,3,6,9
958,E8BF9CE5BE81E5869BE59BA2,2,4,6,8
959,No Hard Feelings,2,4,8,6
960,Mists Of Pandaria,2,4,6,8
961,the long nap0909,2,3,7,8
962,DMG,2,4,6,8
963,Leviathan - Kraken,2,3,6,9
964,Merely A Setback,2,4,8,6
965,Versatile,2,4,5,9
966,E98689E6B885E9A38E,2,4,7,7
967,E88081E58FB8E69CBAE4BC9AE68980,2,4,4,10
968,E681A9E8B590E5A4A9E5A082,2,4,7,7
969,Schwingen des Phoenix,2,4,5,9
970,PEERMORE,2,4,6,8
971,E588A9E58883,2,4,4,10
972,Bad Callouts0909,2,4,8,6
973,Res Publica0909,2,4,5,9
974,E6B885E5BF83E5AFA1E6ACB2,2,4,5,9
975,Dying in the sun,2,4,5,9
976,E69C88E58589E6B299E6BC8F,2,4,6,8
977,Stars,2,4,6,8
978,Radiant,2,4,6,8
979,Ignition,2,4,6,8
980,nVus,2,3,5,10
981,Aint Misbehavin,2,4,6,8
982,Dusk,2,4,6,8
983,Anyways,2,4,7,7
984,E889BEE5B094E69687E6A3AEE69E97E7BE8EE9A39FE58D8FE4BC9A,2,4,8,6
985,E5A682E69E9CE6B2A1E5A682E69E9C,2,4,6,8
986,E6B7B1E5A49CE98592E88286,2,3,4,11
987,Fable,2,4,5,9
988,Will be eternityEFBC88E6B3A8E5AE9AE6B0B8E68192WbeEFBC89,2,4,5,9
989,Bloody Tearz0909,2,4,4,10
990,Most Hated0909,2,4,5,9
991,SCH,2,4,6,8
992,Amused to Death,2,4,6,8
993,Foundation0909,2,4,4,10
994,Fine,2,4,4,10
995,Pink Pony Death Squad,2,4,6,8
996,A Steamy Romance Novel,2,4,5,9
997,Rain,2,4,9,5
998,Power Bottom0909,2,4,8,6
999,Iridium,2,4,6,8
1000,E99D9EE587A1,2,4,5,9
1001,Legioona,2,4,7,7
1002,Ultra Instinct,2,4,3,11
1003,Efficient,2,4,5,9
1004,my bad I guess,2,4,6,8
1005,Justify,2,4,6,8
1006,HolyCN,2,4,4,10
1007,Evil Blood0909,2,4,4,10
1008,Infinite,2,4,5,9
1009,Phoenix Blood,2,4,7,7
1010,SeriousBusiness,2,4,6,8
1011,lyccc,2,4,6,8
1012,E5BF86E5A283E99485E99485E59BA2,2,4,4,10
1013,Nerd Rage,2,4,5,9
1014,E587A1E78E8BE4B98BE8A180,2,4,5,9
1015,E4BA8CE6898BE78EABE791B0,2,4,6,8
1016,SnowElysium0909,2,5,4,9
1017,Lights Oath0909,2,4,5,9
1018,Sklaven des Blutrausches,2,4,5,9
1019,Post Danmark0909,2,3,7,8
1020,Liquid PerC3BA,2,4,6,8
1021,NoStrat Gaming,2,4,6,8
1022,Vitamin GG0909,2,4,5,9
1023,Unic,2,4,6,8
1024,Flagged for Rename,2,4,7,7
1025,Reignited,2,4,7,7
1026,The Dark Phoenix,2,4,5,9
1027,D093D0BDD0B5D0B2 D090D0BDD0B0D180D185D0B8D0B8,2,4,5,9
1028,Habibi,2,4,7,7
1029,E4BB8AE6999AE58D81E782B9E695B4,2,4,6,8
1030,E69EB6E58ABFE5A082.,2,4,6,8
1031,Defenestrate0909,2,4,6,8
1032,EC9980EC9AB0EBA5BC ECA091EC9D84 EC8898 EC9E88EC9D84EABABCEB9DBC EC839DEAB081ED9688EC96B4,2,4,5,9
1033,Bound,2,4,7,7
1034,E6ADA3E7BB8FE79A84E79FA5E8AF86,2,4,6,8
1035,E694BEE895A9E88085E79A84E88CB6E4BC9A,2,4,6,8
1036,E5BDB1E69C88E4B98BE6A3AE,2,4,7,7
1037,E6ADA3E4B989E88194E79B9F,2,4,7,7
1038,evicted,2,4,6,8
1039,D0A1D0B8D0BDD0B4D180D0BED0BC,2,4,7,7
1040,E6BC94E593A1E8A893E7B7B4E78FAD,2,4,5,9
1041,Syndicated,2,3,8,7
1042,ALIENWARE-E4B8BBE6978BE5BE8B,2,4,6,8
1043,Sky Dynasty0909,2,4,7,7
1044,D0A4D18CD18ED0B6D0BD,2,4,6,8
1045,Tatortreiniger,2,4,8,6
1046,E781B0E783ACE4B98BE59CB03,2,4,5,9
1047,All Planned0909,2,4,7,7
1048,D09FD18FD182D18C D091D183D182D18BD0BBD0BED0BA D092D0BED0B4D0BAD0B8,2,4,7,7
1049,Circle of Trust,2,4,7,7
1050,IMBA,2,4,5,9
1051,E58D88E5A49CE5B7B2E588B0,2,4,8,6
1052,scuffed,2,4,5,9
1053,Spicy Tendeez,2,4,6,8
1054,E5A4A7E7868AE78CABE7B981E882B2E59FBAE59CB0,2,4,6,8
1055,Super Compas0909,2,4,5,9
1056,E5A5B6E6B2B9E99B84E78D85E8BB8DE59C98,2,4,5,9
1057,Final Heaven0909,2,4,5,9
1058,E4BDA0E6B8B4E69C9BE58A9BE9878FE4B988,2,4,7,7
1059,Nascent,2,3,6,9
1060,HC,2,4,6,8
1061,Imminent,2,4,5,9
1062,Esprit,2,4,7,7
1063,Vex Thal,2,4,6,8
1064,WingsE586B0E9A38EE5B297,2,4,5,9
1065,Rain,2,3,7,8
1066,Burden,2,3,5,10
1067,CV,2,4,7,7
1068,Blasphemy,2,4,6,8
1069,Fade,2,4,5,9
1070,Do not even0909,2,4,7,7
1071,District,2,4,8,6
1072,Salt,2,3,8,7
1073,E69C88E58883,2,4,5,9
1074,Tyrannical0909,2,4,5,9
1075,Nurfed,2,4,4,10
1076,Karoshi,2,3,8,7
1077,Dark Nothing0909,2,4,6,8
1078,E6B2A7E6BE9CE4B98BE5A49C,2,4,4,10
1079,Esteemed,2,4,6,8
1080,E4B8A8E5879DE4B8B6E8819AE4B8A8,2,4,4,10
1081,Ex Gratia,2,4,6,8
1082,E89C9CE6A183E596B5,2,4,7,7
1083,D094D18DD0B7D0B2D0BED0BBD0BAD0B5D180,2,4,7,7
1084,Skyline,2,5,6,7
1085,Death and Glory,2,4,6,8
1086,Meaningful Choice,2,3,7,8
1087,Milk,2,3,6,9
1088,Veneration0909,2,3,7,8
1089,Pro Finlandia,2,3,7,8
1090,Voljin and Tonic,2,4,6,8
1091,Interstellar Bum Orcs,2,4,5,9
1092,Shade,2,4,5,9
1093,Overthrow,2,3,6,9
1094,Scuffed,2,4,8,6
1095,Cant Handle Progress,2,4,5,9
1096,Yserasky2.00909,2,4,5,9
1097,Cute Anime Boys,2,4,7,7
1098,D09BD191 D0A0D0B5D0B7D0B8D181D182D0B0D0BDD181,2,4,6,8
1099,Two and a half Main,2,5,7,6
1100,Eternal,2,4,6,8
1101,Wined N Dined,2,4,7,7
1102,Invincible0909,2,4,5,9
1103,Happy Lil Clouds,2,3,6,9
1104,Lost Boys,2,4,6,8
1105,BLITZKRIEG0909,2,4,6,8
1106,miscalculated,2,4,7,7
1107,E99BB7E99C86E59286E593AE,2,4,7,7
1108,E5A682E6AD8C,2,4,6,8
1109,E8B0A8E8A880E6858EE8A18C,2,4,5,9
1110,The Extendables,2,3,8,7
1111,EZ,2,3,7,8
1112,Computerspilsvenner,2,3,6,9
1113,The Family Business,2,3,5,10
1114,Bingohallen0909,2,4,8,6
1115,E5A4A7E69EABE6A091,2,4,5,9
1116,D0A4D0B0D0B5D180D184D0BBD0B0D0B9,2,4,6,8
1117,Jessie for the Team,2,4,5,9
1118,D09ED180D0B8D0B3D0B0D0BCD0B8,2,4,5,9
1119,Asgard,2,4,6,8
1120,Vile,2,3,7,8
1121,The Reckless0909,2,4,9,5
1122,SeriouslyCasual,2,4,6,8
1123,Serious Face0909,2,4,5,9
1124,Mistake,2,4,7,7
1125,Comfy,2,4,6,8
1126,Violent Circus,2,4,6,8
1127,Fap Stars auch,2,3,6,9
1128,Mad Scientists,2,4,6,8
1129,Amender,2,4,5,9
1130,Kildevangen0909,2,4,7,7
1131,No Skill,2,4,7,7
1132,Aspect,2,4,7,7
1133,Might,2,4,6,8
1134,forever the sickest kids,2,4,8,6
1135,HTF,2,4,5,9
1136,E6B885E8BEB0,2,4,6,8
1137,HatrC3A9d0909,2,4,8,6
1138,D096D0BDD0B5D186D18B D094D183D188,2,4,5,9
1139,Back In March0909,2,4,7,7
1140,For Science0909,2,4,4,10
1141,E7A59EE6AE87,2,4,4,10
1142,Poor Life Choices,2,3,7,8
1143,E5A587E795B0E69E9CE69E9CE7B292E88CB6E5AEA4,2,4,7,7
1144,E99BB6E79A84E9A098E59F9F,2,4,6,8
1145,"Youth,E88DB7E5B094E89299E4B88EE4BB96E79A8419E4B8AAE788B8E788B8",2,4,5,9
1146,Infinite Ruin0909,2,4,7,7
1147,Dawn Force0909,2,4,6,8
1148,FZ,2,4,8,6
1149,big uptime0909,2,4,6,8
1150,Ancient Tempest,2,4,5,9
1151,E58D8AE59F8EE7839FE6B299-E6B585E9998CE59BA2,2,4,6,8
1152,E5BDA2E5BDB1E4B88DE7A6BBEFBC88E59CB0E78BB1E781ABEFBC89,2,4,6,8
1153,Quality Time0909,2,3,7,8
1154,Rogue Ninjas0909,2,4,6,8
1155,E78BAEE78E8BE5B08FE69785E5BA97,2,4,6,8
1156,Proper Guild Name,2,4,4,10
1157,E4BABAE7949FE8B5B7E8B5B7E890BDE890BD E99ABEE5BF86E698AFE698AFE99D9EE99D9E,2,3,6,9
1158,Immortal memory,2,4,6,8
1159,Scuffed,2,4,8,6
1160,E998B3E58589E794B7E5ADA9,2,4,5,9
1161,just sit me0909,2,4,5,9
1162,E99C8AE9AD82E5BD92E5AEBF,2,4,5,9
1163,This Statement is False,2,4,5,9
1164,E6B688E998B2E4B880E795AA,2,4,6,8
1165,E9BABBE783A6E4BDA0E4BBACE6ADA3E5B8B8E782B9,2,4,6,8
1166,Legacy Reborn,2,4,6,8
1167,Derailed,2,4,5,9
1168,UnauflC3B6sbar II,2,4,8,6
1169,Nothing But Trouble,2,4,5,9
1170,Duality,2,4,7,7
1171,E6A2A6E4B98BE59BBDE5BAA6.,2,4,6,8
1172,D0ADD0BDD0B4D0B3D0B5D0B9D0BC,2,4,4,10
1173,Stay Mad,2,4,5,9
1174,Exiled Social Club,2,4,6,8
1175,E9878DC2B7E980A2,2,4,5,9
1176,E7BD97E5BEB7E5B29BE9AA91E5A3ABE59BA2,2,4,6,8
1177,[Angel Beats],2,4,6,8
1178,Send it,2,4,7,7
1179,E5A4A2E5A2839.1,2,4,6,8
1180,Set Sail For Fail,2,4,6,8
1181,Daddy Check0909,2,4,8,6
1182,Did it for Whitney,2,4,5,9
1183,Prototype,2,4,6,8
1184,Crayon Factory,2,3,4,11
1185,GordoTiburonSi,2,4,7,7
1186,Raging Time0909,2,4,6,8
1187,EC9CA0EB9E91EB8BA8,2,4,5,9
1188,E4B880E5A18CE7B38AE6B682,2,4,5,9
1189,Two Shot,2,4,6,8
1190,E8AEB0E5BF86E4B98BE59F8E,2,4,7,7
1191,Random Rampage,2,4,5,9
1192,Mythic Daycare,2,4,8,6
1193,Valhalla,2,3,9,6
1194,Wiped,2,3,6,9
1195,Efficiency0909,2,4,6,8
1196,E6AE87E9AD82E68CBDE6AD8C NeverMore,2,4,5,9
1197,E79C9FE68385E983A8E890BD,2,4,5,9
1198,E9B8BDE78E8BE4B896E5AEB6,2,4,7,7
1199,E58D81E5B9B4,2,4,5,9
1200,Warpath,2,5,5,8
1201,Veil,2,4,6,8
1202,Seraph,2,4,6,8
1203,E596B5E79A84E4B896E7958C,2,4,4,10
1204,E78B82E6BE9C,2,4,6,8
1205,EAB9A8EAB080EC86A1EC86A1,2,4,5,9
1206,umbras,2,4,5,9
1207,Deadly Momentum,2,4,4,10
1208,E8838CE5B08DE5A4A9E5A082,2,4,7,7
1209,E58897E699AEE58DA1E79A84E6A3AEE69E97,2,4,4,10
1210,SAF,2,3,7,8
1211,Steel Horde 1,2,4,7,7
1212,Light of Shadow1,2,4,5,9
1213,Myth,2,4,6,8
1214,Hex Slam,2,4,5,9
1215,E9BB91E889B2E9B8BDE59BA2,2,5,7,6
1216,Cronopios,2,5,5,8
1217,E4BD99E783AC,2,4,7,7
1218,To Northends0909,2,4,8,6
1219,E3808AE993B6E69C88E4B98BE58589E3808B,2,4,4,10
1220,Wisdom,2,4,7,7
1221,Snedsteg,2,4,7,7
1222,Soul Nirvana0909,2,4,6,8
1223,D091D0B0D0B3D180D0BED0B2D18BD0B9 D0A2D183D0BCD0B0D0BD,2,4,5,9
1224,Twisted Haven0909,2,4,6,8
1225,D090D180D0B3D183D181,2,4,7,7
1226,E79599E799BD,2,3,5,10
1227,Inner Core0909,2,4,4,10
1228,Done,2,4,7,7
1229,SDS,2,4,5,9
1230,Betrayal,2,4,7,7
1231,Vote To Kick0909,2,3,6,9
1232,Elicit,2,4,5,9
1233,D0A7D0B8D0BBD0BBD0B7D0BED0BD,2,5,5,8
1234,CafC3A9 Disco,2,4,5,9
1235,Avengers,2,4,4,10
1236,E59CA8E8B7AFE4B88AE79C9FE58FAFE788B1,2,4,5,9
1237,Parabola,2,4,8,6
1238,Castle In The Sky,2,4,5,9
1239,twenty monkeys,2,4,8,6
1240,C A L A M I T Y,2,4,7,7
1241,Disobedient0909,2,4,5,9
1242,D0AFD181D0BDD0BE D0BFD0BED0BDD18FD182D0BDD0BE,2,4,6,8
1243,E7AE80E5A2A8,2,4,4,10
1244,D099D0BED182D0B0,2,4,7,7
1245,Ascended,2,4,6,8
1246,Repetition0909,2,4,7,7
1247,sad,2,4,7,7
1248,YOU ARE NOT REPAIRED,2,4,8,6
1249,Intolerance0909,2,4,5,9
1250,Luna Wolves0909,2,4,6,8
1251,E6BDAEE6B581,2,4,5,9
